Organization,Followed On
Let's BIM Together,Mon Jun 30 18:06:20 UTC 2025
JuiceBot,Tue Jun 24 20:20:01 UTC 2025
Vertico,Sat Jun 21 11:37:10 UTC 2025
Pfluger Architects,Sat Sep 28 04:21:07 UTC 2024
WithSystem-PogoPin48⌛,Tue Jun 25 17:39:31 UTC 2024
EdisonReport,Tue May 07 18:40:52 UTC 2024
"Lean Architect LLC (WBE, AIA Dallas Sustaining Partner)",Tue Apr 02 21:56:35 UTC 2024
"Chalkline, Inc.",Tue Jan 30 20:57:41 UTC 2024
Hacking Articles,Thu Dec 21 05:00:33 UTC 2023
BRUT Architecture,Thu Dec 14 12:49:36 UTC 2023
MITA ( MAGIC IN THE AIR ),Thu Dec 14 12:49:33 UTC 2023
Light-Artists,Thu Dec 14 12:49:28 UTC 2023
Corgan,Wed Dec 13 01:34:45 UTC 2023
Veratio B.V.  RVS specialist,Thu Aug 24 15:26:33 UTC 2023
HFA,Wed Jul 12 12:52:40 UTC 2023
3D Printed Architecture,Sun Jun 04 20:00:47 UTC 2023
Aquent,Thu May 25 17:29:22 UTC 2023
Sustainable Design,Sun Mar 12 00:13:44 UTC 2023
Studio RAP,Mon Feb 27 23:00:55 UTC 2023
co.de.D - Computational Design Detroit ,Fri Feb 17 02:55:54 UTC 2023
tf_wrks | Architecture and Landscape Architecture,Mon Feb 06 02:28:49 UTC 2023
University of Michigan,Mon Jan 09 17:25:48 UTC 2023
Friends in Real Estate (FIRE),Thu Oct 27 14:18:07 UTC 2022
Fermat's Library,Mon Oct 17 23:35:29 UTC 2022
Zenerate,Fri Sep 30 05:55:14 UTC 2022
STUD-IO,Fri Sep 30 05:55:07 UTC 2022
Very Good Architecture Company,Sun Sep 25 15:14:05 UTC 2022
JavaScript Developer,Sat Aug 20 16:12:34 UTC 2022
VoxlVision,Fri Aug 19 23:04:55 UTC 2022
10 Design,Mon May 16 17:25:19 UTC 2022
ALY,Fri Mar 18 04:15:59 UTC 2022
GFF,Fri Apr 16 23:29:28 UTC 2021
"Placement By Design, Inc.",Mon Jun 15 16:09:11 UTC 2020
LATICRETE International,Fri Jun 12 14:02:14 UTC 2020
"HPA, Inc.",Fri Jun 05 19:06:09 UTC 2020
Ricca Design Studios,Mon Jun 01 17:54:39 UTC 2020
"Walker Hill Consulting, LLC",Fri May 29 15:21:21 UTC 2020
AEC Resources,Fri May 29 14:55:15 UTC 2020
Twente Additive Manufacturing,Sun May 24 12:46:21 UTC 2020
Lawrence Group,Tue Mar 10 19:20:10 UTC 2020
FGM Architects,Tue Mar 10 18:34:23 UTC 2020
ParametricArchitecture,Mon Feb 24 04:21:34 UTC 2020
Apis Cor,Fri Feb 14 13:28:44 UTC 2020
Constructions-3D,Sat Oct 19 01:47:25 UTC 2019
Ingersoll Machine Tools,Sun Jul 07 13:58:55 UTC 2019
YAFSTL - Young Architects Forum STL,Thu Apr 11 16:12:09 UTC 2019
GATE Precast,Sat Nov 10 17:13:02 UTC 2018
Interesting As F,Sat Sep 08 03:49:37 UTC 2018
SPACE Design + Construction,Fri Aug 31 11:32:44 UTC 2018
Washington University in St. Louis,Sun Aug 12 16:27:53 UTC 2018
Greenheck,Mon Jun 05 20:27:42 UTC 2017
Autodesk,Sun May 14 05:02:22 UTC 2017
"Kern & Co., LLC",Mon Sep 26 02:13:22 UTC 2016
Savannah College of Art and Design,Fri Sep 09 17:45:44 UTC 2016